id,first_name,last_name,email,added_at,gender
1,Emili,Roman,eroman0@npr.org,12/1/2021,Genderqueer
2,Keelby,Fairfull,kfairfull1@nps.gov,12/2/2021,Genderqueer
3,Ode,Ayris,oayris2@histats.com,12/3/2021,Bigender
4,Stu,Timby,stimby3@spotify.com,12/4/2021,Agender
5,Tobe,Dulanty,tdulanty4@goodreads.com,12/5/2021,Genderqueer
6,Keith,McLeary,kmcleary5@quantcast.com,12/6/2021,Male
7,Mariette,Carlill,mcarlill6@tamu.edu,12/7/2021,Genderqueer
8,Stirling,Dengel,sdengel7@ed.gov,12/8/2021,Genderqueer
9,Niki,Gorthy,ngorthy8@gov.uk,12/9/2021,Agender
10,Miguel,Coughan,mcoughan9@de.vu,12/10/2021,Genderqueer
11,Rosemonde,Tolan,rtolana@mashable.com,12/11/2021,Male
12,Ketti,Frossell,kfrossellb@lulu.com,12/12/2021,Agender
13,Phaedra,Durward,pdurwardc@cnet.com,12/13/2021,Genderqueer
14,Cesare,Harman,charmand@soup.io,12/14/2021,Genderqueer
15,Edwina,Samwayes,esamwayese@europa.eu,12/15/2021,Female
16,Ruthann,Albasini,ralbasinif@eepurl.com,12/16/2021,Genderqueer
17,Revkah,Stapele,rstapeleg@gravatar.com,12/17/2021,Non-binary
18,Fredrick,Balling,fballingh@altervista.org,12/18/2021,Polygender
19,Sofie,Chilver,schilveri@hugedomains.com,12/19/2021,Female
20,Yolanthe,Lamplough,ylamploughj@blogger.com,12/20/2021,Bigender
21,Brittney,Weins,bweinsk@paginegialle.it,12/21/2021,Genderfluid
22,Ian,Bizley,ibizleyl@ftc.gov,12/22/2021,Non-binary
23,Mortie,Wren,mwrenm@deviantart.com,12/23/2021,Male
24,Lynnet,Arpur,larpurn@indiegogo.com,12/24/2021,Genderqueer
25,Andromache,Heathorn,aheathorno@tamu.edu,12/25/2021,Genderqueer
26,Raymund,Gartan,rgartanp@jugem.jp,12/26/2021,Polygender
27,Cathi,Ginie,cginieq@phpbb.com,12/27/2021,Polygender
28,Kania,Aubri,kaubrir@drupal.org,12/28/2021,Non-binary
29,Mallory,Aikman,maikmans@mapquest.com,12/29/2021,Genderfluid
30,Hanni,Anstead,hansteadt@lycos.com,12/30/2021,Polygender
31,Flint,Bartalot,fbartalotu@list-manage.com,12/31/2021,Polygender
32,Douglas,Kamall,dkamallv@oaic.gov.au,1/1/2022,Polygender
33,Craig,Moyles,cmoylesw@networkadvertising.org,1/2/2022,Bigender
34,Efrem,Bullant,ebullantx@amazon.com,1/3/2022,Male
35,Ingelbert,Stickells,istickellsy@tripadvisor.com,1/4/2022,Agender
36,Steve,Bilofsky,sbilofskyz@macromedia.com,1/5/2022,Female
37,Chancey,Schrei,cschrei10@weebly.com,1/6/2022,Male
38,Jeni,Cohalan,jcohalan11@ft.com,1/7/2022,Male
39,Philipa,Kilfeder,pkilfeder12@netvibes.com,1/8/2022,Bigender
40,Kip,Bilsland,kbilsland13@smugmug.com,1/9/2022,Genderqueer
41,Nicko,Strooband,nstrooband14@diigo.com,1/10/2022,Female
42,Janaya,Ensten,jensten15@wikia.com,1/11/2022,Agender
43,Brennen,Sterland,bsterland16@chronoengine.com,1/12/2022,Male
44,Kristoffer,Carnegie,kcarnegie17@gnu.org,1/13/2022,Agender
45,Bella,Hambrook,bhambrook18@typepad.com,1/14/2022,Agender
46,Cull,Acors,cacors19@google.it,1/15/2022,Genderfluid
47,Minetta,Futty,mfutty1a@photobucket.com,1/16/2022,Male
48,Morgan,Cranefield,mcranefield1b@engadget.com,1/17/2022,Non-binary
49,Garry,Morin,gmorin1c@samsung.com,1/18/2022,Polygender
50,Myriam,Gabitis,mgabitis1d@gnu.org,1/19/2022,Bigender
51,Harbert,Ruddle,hruddle1e@vistaprint.com,1/20/2022,Non-binary
52,Brew,Bellows,bbellows1f@yale.edu,1/21/2022,Polygender
53,Aleda,Drinkeld,adrinkeld1g@creativecommons.org,1/22/2022,Male
54,Kennett,Dooland,kdooland1h@bbc.co.uk,1/23/2022,Bigender
55,Brande,Bestiman,bbestiman1i@tamu.edu,1/24/2022,Genderfluid
56,Drusilla,Conew,dconew1j@yellowbook.com,1/25/2022,Genderqueer
57,Tandie,Stutte,tstutte1k@economist.com,1/26/2022,Male
58,Chic,Gilbey,cgilbey1l@europa.eu,1/27/2022,Non-binary
59,Courtney,Ferminger,cferminger1m@ucla.edu,1/28/2022,Bigender
60,Nancie,Wanless,nwanless1n@wisc.edu,1/29/2022,Non-binary
61,Charmane,Durdle,cdurdle1o@printfriendly.com,1/30/2022,Polygender
62,Araldo,Parncutt,aparncutt1p@gravatar.com,1/31/2022,Male
63,Reggie,Abrahart,rabrahart1q@furl.net,2/1/2022,Polygender
64,Caressa,Chattaway,cchattaway1r@nhs.uk,2/2/2022,Non-binary
65,Roshelle,Berick,rberick1s@squarespace.com,2/3/2022,Agender
66,Rozella,Tomasello,rtomasello1t@eventbrite.com,2/4/2022,Bigender
67,Tirrell,Hestrop,thestrop1u@google.pl,2/5/2022,Genderfluid
68,Whittaker,Helks,whelks1v@jiathis.com,2/6/2022,Genderfluid
69,Honor,Clynman,hclynman1w@cpanel.net,2/7/2022,Bigender
70,Mersey,Furzey,mfurzey1x@baidu.com,2/8/2022,Bigender
71,Jania,Coad,jcoad1y@intel.com,2/9/2022,Genderfluid
72,Clarisse,Goulston,cgoulston1z@etsy.com,2/10/2022,Bigender
73,Opaline,Sancho,osancho20@pbs.org,2/11/2022,Non-binary
74,Berkly,Bondesen,bbondesen21@pcworld.com,2/12/2022,Polygender
75,Frankie,Ivasechko,fivasechko22@ebay.com,2/13/2022,Female
76,Brendis,Snowball,bsnowball23@gov.uk,2/14/2022,Agender
77,Jenine,Woodford,jwoodford24@go.com,2/15/2022,Non-binary
78,Fidelity,Milvarnie,fmilvarnie25@baidu.com,2/16/2022,Polygender
79,Electra,Canto,ecanto26@bbc.co.uk,2/17/2022,Male
80,Mersey,Summerbell,msummerbell27@flickr.com,2/18/2022,Male
81,Fionna,Farenden,ffarenden28@1688.com,2/19/2022,Agender
82,Helen,McMeekin,hmcmeekin29@qq.com,2/20/2022,Female
83,Tanner,Vyse,tvyse2a@dailymail.co.uk,2/21/2022,Non-binary
84,Denice,M'Quharge,dmquharge2b@purevolume.com,2/22/2022,Genderfluid
85,Dillie,Garthland,dgarthland2c@tuttocitta.it,2/23/2022,Genderqueer
86,Lyn,Van Geffen,lvangeffen2d@woothemes.com,2/24/2022,Agender
87,Lind,Strotton,lstrotton2e@1688.com,2/25/2022,Genderqueer
88,Mariya,Itzkovici,mitzkovici2f@oracle.com,2/26/2022,Agender
89,Corinne,East,ceast2g@rakuten.co.jp,2/27/2022,Non-binary
90,Thibaud,Fibbitts,tfibbitts2h@hibu.com,2/28/2022,Bigender
91,Denney,Gittus,dgittus2i@statcounter.com,3/1/2022,Male
92,Ruperto,Duguid,rduguid2j@tinypic.com,3/2/2022,Male
93,Lesley,Anthony,lanthony2k@zdnet.com,3/3/2022,Male
94,Janis,Cuming,jcuming2l@nationalgeographic.com,3/4/2022,Non-binary
95,Augustin,Sarney,asarney2m@ycombinator.com,3/5/2022,Genderqueer
96,Anastasia,Ciccarelli,aciccarelli2n@oracle.com,3/6/2022,Genderqueer
97,Petronilla,Martonfi,pmartonfi2o@globo.com,3/7/2022,Bigender
98,Tybie,Bewsy,tbewsy2p@prweb.com,3/8/2022,Genderfluid
99,Evita,Aleksandrikin,ealeksandrikin2q@time.com,3/9/2022,Male
100,Bendick,Gajownik,bgajownik2r@ycombinator.com,3/10/2022,Polygender
101,Casi,Dellenbroker,cdellenbroker2s@jugem.jp,3/11/2022,Bigender
102,Russell,Smalls,rsmalls2t@godaddy.com,3/12/2022,Genderfluid
103,Toby,Lugton,tlugton2u@friendfeed.com,3/13/2022,Genderqueer
104,Tabbitha,Tyce,ttyce2v@princeton.edu,3/14/2022,Genderfluid
105,Urbain,Yuryev,uyuryev2w@fda.gov,3/15/2022,Polygender
106,Jo-ann,Thomson,jthomson2x@latimes.com,3/16/2022,Bigender
107,Gal,Danilishin,gdanilishin2y@oaic.gov.au,3/17/2022,Polygender
108,Scotti,Golsby,sgolsby2z@ihg.com,3/18/2022,Bigender
109,Berti,Ledwich,bledwich30@businesswire.com,3/19/2022,Non-binary
110,Marlowe,Konert,mkonert31@surveymonkey.com,3/20/2022,Male
111,Susanna,Danher,sdanher32@studiopress.com,3/21/2022,Genderqueer
112,Ransell,McTiernan,rmctiernan33@ocn.ne.jp,3/22/2022,Male
113,Nicholas,Swinburne,nswinburne34@sohu.com,3/23/2022,Bigender
114,Shandie,Faulds,sfaulds35@meetup.com,3/24/2022,Genderqueer
115,Iona,Gerred,igerred36@rambler.ru,3/25/2022,Agender
116,Burch,Matczak,bmatczak37@blinklist.com,3/26/2022,Genderfluid
117,Nolan,Stubbert,nstubbert38@shop-pro.jp,3/27/2022,Bigender
118,Gilbertine,Winthrop,gwinthrop39@histats.com,3/28/2022,Genderfluid
119,Alyss,Sallowaye,asallowaye3a@privacy.gov.au,3/29/2022,Female
120,Bernie,Clout,bclout3b@bbc.co.uk,3/30/2022,Female
121,Sheba,Reihm,sreihm3c@qq.com,3/31/2022,Non-binary
122,Rodrigo,Metzig,rmetzig3d@unblog.fr,4/1/2022,Genderfluid
123,Fredrika,Goscar,fgoscar3e@state.gov,4/2/2022,Female
124,Vonny,Renols,vrenols3f@nps.gov,4/3/2022,Bigender
125,Abbott,Coxon,acoxon3g@tamu.edu,4/4/2022,Non-binary
126,Evonne,Waldren,ewaldren3h@smugmug.com,4/5/2022,Polygender
127,Alex,Haukey,ahaukey3i@walmart.com,4/6/2022,Genderfluid
128,Dick,Baigent,dbaigent3j@toplist.cz,4/7/2022,Bigender
129,Judon,Enders,jenders3k@opensource.org,4/8/2022,Polygender
130,Salomon,Wiffen,swiffen3l@sphinn.com,4/9/2022,Polygender
131,Tyne,Redgrove,tredgrove3m@nationalgeographic.com,4/10/2022,Genderqueer
132,Caterina,Roselli,croselli3n@freewebs.com,4/11/2022,Bigender
133,Myca,Trayton,mtrayton3o@go.com,4/12/2022,Bigender
134,Mischa,Endle,mendle3p@state.gov,4/13/2022,Male
135,Darb,Grishechkin,dgrishechkin3q@dailymail.co.uk,4/14/2022,Female
136,Hailey,Ravenshear,hravenshear3r@parallels.com,4/15/2022,Genderqueer
137,Giorgi,Arpe,garpe3s@friendfeed.com,4/16/2022,Non-binary
138,Salomone,Mathers,smathers3t@ucoz.ru,4/17/2022,Bigender
139,Kanya,Bloxsom,kbloxsom3u@tiny.cc,4/18/2022,Bigender
140,Inness,Elliman,ielliman3v@sbwire.com,4/19/2022,Bigender
141,Modesty,Salvadori,msalvadori3w@fotki.com,4/20/2022,Male
142,Ingelbert,Anthill,ianthill3x@creativecommons.org,4/21/2022,Non-binary
143,Nevil,Paskell,npaskell3y@printfriendly.com,4/22/2022,Genderfluid
144,Frederica,Maplethorp,fmaplethorp3z@google.ru,4/23/2022,Male
145,Corabel,Coole,ccoole40@uiuc.edu,4/24/2022,Genderqueer
146,Erminia,Felten,efelten41@etsy.com,4/25/2022,Non-binary
147,Wanids,Brosi,wbrosi42@oracle.com,4/26/2022,Agender
148,Alwin,Mays,amays43@redcross.org,4/27/2022,Female
149,Humfrey,Twitchett,htwitchett44@google.co.jp,4/28/2022,Polygender
150,Conny,Blucher,cblucher45@shinystat.com,4/29/2022,Male
151,Alissa,Alsobrook,aalsobrook46@qq.com,4/30/2022,Genderfluid
152,Janella,Vawton,jvawton47@edublogs.org,5/1/2022,Polygender
153,Gratiana,Heinecke,gheinecke48@last.fm,5/2/2022,Non-binary
154,Junie,Rispin,jrispin49@360.cn,5/3/2022,Bigender
155,Ariel,Seakes,aseakes4a@devhub.com,5/4/2022,Female
156,Cullin,Matthewman,cmatthewman4b@deviantart.com,5/5/2022,Non-binary
157,Alessandra,Leavesley,aleavesley4c@mail.ru,5/6/2022,Polygender
158,Carroll,Kilmurry,ckilmurry4d@163.com,5/7/2022,Genderqueer
159,Salomon,Castagneto,scastagneto4e@google.ca,5/8/2022,Female
160,Rois,Giroldo,rgiroldo4f@list-manage.com,5/9/2022,Bigender
161,Ingrid,Feighry,ifeighry4g@icq.com,5/10/2022,Agender
162,Delores,Eyton,deyton4h@naver.com,5/11/2022,Male
163,Killian,Estevez,kestevez4i@blogspot.com,5/12/2022,Genderqueer
164,Lona,Readmire,lreadmire4j@webnode.com,5/13/2022,Genderfluid
165,Brinn,Braben,bbraben4k@cdc.gov,5/14/2022,Genderfluid
166,Cosmo,Wilcinskis,cwilcinskis4l@deviantart.com,5/15/2022,Genderfluid
167,Ernesta,Roman,eroman4m@cmu.edu,5/16/2022,Female
168,Cort,Acreman,cacreman4n@sfgate.com,5/17/2022,Bigender
169,Bianca,Gandey,bgandey4o@bloomberg.com,5/18/2022,Male
170,Florenza,Riche,friche4p@dion.ne.jp,5/19/2022,Agender
171,Lacie,Darnbrook,ldarnbrook4q@nifty.com,5/20/2022,Male
172,Beret,Shepperd,bshepperd4r@comcast.net,5/21/2022,Bigender
173,Elmore,De la Perrelle,edelaperrelle4s@psu.edu,5/22/2022,Agender
174,Padraic,Orrom,porrom4t@engadget.com,5/23/2022,Bigender
175,Alecia,Lamba,alamba4u@addthis.com,5/24/2022,Bigender
176,Jacky,Goodchild,jgoodchild4v@e-recht24.de,5/25/2022,Polygender
177,Cathlene,Braemer,cbraemer4w@altervista.org,5/26/2022,Genderqueer
178,Reagen,Kingswold,rkingswold4x@multiply.com,5/27/2022,Non-binary
179,Susie,Vecard,svecard4y@upenn.edu,5/28/2022,Bigender
180,Paton,Gooden,pgooden4z@simplemachines.org,5/29/2022,Bigender
181,Zelda,Bernhardsson,zbernhardsson50@slashdot.org,5/30/2022,Bigender
182,Neel,Maccrea,nmaccrea51@lulu.com,5/31/2022,Bigender
183,Griff,Hellyer,ghellyer52@skyrock.com,6/1/2022,Genderqueer
184,Hagan,Cadogan,hcadogan53@bigcartel.com,6/2/2022,Genderfluid
185,Manuel,Turland,mturland54@t-online.de,6/3/2022,Male
186,Modesty,Oboy,moboy55@arstechnica.com,6/4/2022,Male
187,Kaia,Greenan,kgreenan56@psu.edu,6/5/2022,Non-binary
188,Eryn,Webborn,ewebborn57@fda.gov,6/6/2022,Female
189,Hetti,Mickleburgh,hmickleburgh58@free.fr,6/7/2022,Non-binary
190,Zea,Lambert,zlambert59@last.fm,6/8/2022,Female
191,Price,Lyddiatt,plyddiatt5a@nymag.com,6/9/2022,Non-binary
192,Austin,Ingreda,aingreda5b@mapy.cz,6/10/2022,Male
193,Eugenia,Joselson,ejoselson5c@unc.edu,6/11/2022,Bigender
194,Stefan,Brumbie,sbrumbie5d@about.com,6/12/2022,Female
195,Krystle,Corn,kcorn5e@plala.or.jp,6/13/2022,Non-binary
196,Arri,Rousel,arousel5f@networkadvertising.org,6/14/2022,Genderfluid
197,Shirlene,Harkness,sharkness5g@tripod.com,6/15/2022,Agender
198,Crista,Costellow,ccostellow5h@archive.org,6/16/2022,Agender
199,Mikel,Faas,mfaas5i@uol.com.br,6/17/2022,Bigender
200,Kermie,Tewkesbury.,ktewkesbury5j@wikispaces.com,6/18/2022,Female
201,Danyette,Cornock,dcornock5k@goodreads.com,6/19/2022,Agender
202,Dosi,Zorzetti,dzorzetti5l@si.edu,6/20/2022,Non-binary
203,Pietrek,Dubble,pdubble5m@npr.org,6/21/2022,Female
204,Shirlee,Tabner,stabner5n@amazonaws.com,6/22/2022,Polygender
205,Jeanie,McCabe,jmccabe5o@census.gov,6/23/2022,Polygender
206,Valdemar,Board,vboard5p@elpais.com,6/24/2022,Genderqueer
207,Ammamaria,Van der Mark,avandermark5q@squarespace.com,6/25/2022,Genderfluid
208,Lynett,Senechell,lsenechell5r@yellowpages.com,6/26/2022,Male
209,Tobe,Papachristophorou,tpapachristophorou5s@vk.com,6/27/2022,Female
210,Queenie,Mouget,qmouget5t@marriott.com,6/28/2022,Female
211,Aubert,Bastable,abastable5u@shareasale.com,6/29/2022,Male
212,Sarge,Vosse,svosse5v@list-manage.com,6/30/2022,Female
213,Eleanor,Hinge,ehinge5w@scientificamerican.com,7/1/2022,Bigender
214,Marcille,Simond,msimond5x@mozilla.com,7/2/2022,Genderfluid
215,Donaugh,Jewett,djewett5y@vimeo.com,7/3/2022,Female
216,Mic,Tuley,mtuley5z@biglobe.ne.jp,7/4/2022,Male
217,Ethelbert,Graundisson,egraundisson60@hc360.com,7/5/2022,Male
218,Lauree,Vickery,lvickery61@independent.co.uk,7/6/2022,Bigender
219,Brenna,Canape,bcanape62@tuttocitta.it,7/7/2022,Genderqueer
220,Josephine,Chartre,jchartre63@etsy.com,7/8/2022,Genderqueer
221,Finley,Newe,fnewe64@arizona.edu,7/9/2022,Agender
222,Pamella,Kroll,pkroll65@webeden.co.uk,7/10/2022,Polygender
223,Albina,Aldrich,aaldrich66@netscape.com,7/11/2022,Polygender
224,Agnes,Denyakin,adenyakin67@china.com.cn,7/12/2022,Female
225,Edie,Deamer,edeamer68@yellowpages.com,7/13/2022,Male
226,Laural,Huitt,lhuitt69@nifty.com,7/14/2022,Polygender
227,Theo,Brandenberg,tbrandenberg6a@google.es,7/15/2022,Genderqueer
228,Ariella,Mc Gorley,amcgorley6b@edublogs.org,7/16/2022,Bigender
229,Kylila,Tournay,ktournay6c@typepad.com,7/17/2022,Bigender
230,Skell,Pottle,spottle6d@booking.com,7/18/2022,Genderfluid
231,Dalli,Farnorth,dfarnorth6e@wisc.edu,7/19/2022,Agender
232,Whitney,Lanchester,wlanchester6f@yale.edu,7/20/2022,Bigender
233,Amberly,Antuoni,aantuoni6g@cargocollective.com,7/21/2022,Female
234,Duke,Reggiani,dreggiani6h@oaic.gov.au,7/22/2022,Agender
235,Audrey,Gall,agall6i@ycombinator.com,7/23/2022,Genderqueer
236,Marcelo,Kurt,mkurt6j@google.com.br,7/24/2022,Female
237,Renate,Gofforth,rgofforth6k@mayoclinic.com,7/25/2022,Non-binary
238,Iorgo,Ivanets,iivanets6l@arstechnica.com,7/26/2022,Non-binary
239,Nellie,Crosgrove,ncrosgrove6m@nps.gov,7/27/2022,Female
240,Vernice,Anselm,vanselm6n@businessinsider.com,7/28/2022,Female
241,Christoforo,Arstingall,carstingall6o@apache.org,7/29/2022,Genderfluid
242,Danika,Gurys,dgurys6p@arizona.edu,7/30/2022,Bigender
243,Evelin,Howship,ehowship6q@wikia.com,7/31/2022,Bigender
244,Trevor,Wardell,twardell6r@surveymonkey.com,8/1/2022,Female
245,Arleta,Devenish,adevenish6s@yahoo.com,8/2/2022,Male
246,Easter,Ielden,eielden6t@live.com,8/3/2022,Polygender
247,Cyndie,O'Sherin,cosherin6u@geocities.com,8/4/2022,Male
248,Antoinette,Andren,aandren6v@digg.com,8/5/2022,Genderqueer
249,Emerson,Quartermain,equartermain6w@bloglovin.com,8/6/2022,Non-binary
250,Darcy,Matula,dmatula6x@sakura.ne.jp,8/7/2022,Female
251,Elbert,Brimilcombe,ebrimilcombe6y@cocolog-nifty.com,8/8/2022,Male
252,Markus,Gawen,mgawen6z@behance.net,8/9/2022,Male
253,Nan,Dowgill,ndowgill70@booking.com,8/10/2022,Female
254,Jeramie,Souness,jsouness71@accuweather.com,8/11/2022,Genderqueer
255,Anselma,Huxham,ahuxham72@joomla.org,8/12/2022,Bigender
256,Tomlin,Chinge de Hals,tchingedehals73@cbc.ca,8/13/2022,Bigender
257,Dave,Pinnock,dpinnock74@hc360.com,8/14/2022,Non-binary
258,Brock,Megarry,bmegarry75@spotify.com,8/15/2022,Bigender
259,Delbert,Durrant,ddurrant76@narod.ru,8/16/2022,Agender
260,Chloette,Demicoli,cdemicoli77@cnbc.com,8/17/2022,Bigender
261,Kristin,Pardoe,kpardoe78@devhub.com,8/18/2022,Non-binary
262,Bee,Crickett,bcrickett79@census.gov,8/19/2022,Bigender
263,Dottie,Fennell,dfennell7a@opera.com,8/20/2022,Non-binary
264,Ethel,Apple,eapple7b@hao123.com,8/21/2022,Female
265,Cordula,Pantry,cpantry7c@vinaora.com,8/22/2022,Polygender
266,Stan,Strickler,sstrickler7d@techcrunch.com,8/23/2022,Genderqueer
267,Dasya,Udie,dudie7e@gov.uk,8/24/2022,Non-binary
268,Cullie,Spacy,cspacy7f@blogspot.com,8/25/2022,Bigender
269,Leopold,Maharey,lmaharey7g@bing.com,8/26/2022,Bigender
270,Alejandra,Kilfeather,akilfeather7h@indiegogo.com,8/27/2022,Female
271,Sapphira,Habergham,shabergham7i@walmart.com,8/28/2022,Agender
272,Minne,Bracken,mbracken7j@ameblo.jp,8/29/2022,Non-binary
273,Addi,Imason,aimason7k@pen.io,8/30/2022,Female
274,Julie,Halton,jhalton7l@shinystat.com,8/31/2022,Genderfluid
275,Joshia,Purver,jpurver7m@mayoclinic.com,9/1/2022,Polygender
276,Valli,Hopkynson,vhopkynson7n@washingtonpost.com,9/2/2022,Male
277,Betteanne,Lefley,blefley7o@dell.com,9/3/2022,Male
278,Luther,Willett,lwillett7p@webmd.com,9/4/2022,Non-binary
279,Chaddie,Dorro,cdorro7q@guardian.co.uk,9/5/2022,Genderqueer
280,Phillie,Hritzko,phritzko7r@networkadvertising.org,9/6/2022,Female
281,Tybalt,Dalgarno,tdalgarno7s@geocities.jp,9/7/2022,Genderqueer
282,Collette,Barribal,cbarribal7t@acquirethisname.com,9/8/2022,Genderfluid
283,Claudine,O'Hartigan,cohartigan7u@reference.com,9/9/2022,Non-binary
284,Nicolis,Oldred,noldred7v@bravesites.com,9/10/2022,Genderqueer
285,Frankie,Wratten,fwratten7w@yolasite.com,9/11/2022,Polygender
286,Marissa,McQuaid,mmcquaid7x@google.es,9/12/2022,Agender
287,Daphna,Mandy,dmandy7y@blogs.com,9/13/2022,Female
288,Kellie,Santhouse,ksanthouse7z@bandcamp.com,9/14/2022,Bigender
289,Henka,Beadon,hbeadon80@friendfeed.com,9/15/2022,Non-binary
290,Rand,Feasley,rfeasley81@google.ru,9/16/2022,Genderqueer
291,Kendre,Satteford,ksatteford82@netvibes.com,9/17/2022,Genderfluid
292,Creigh,McKenney,cmckenney83@washingtonpost.com,9/18/2022,Genderqueer
293,Birgit,Jayes,bjayes84@google.es,9/19/2022,Male
294,Hailee,Summerill,hsummerill85@miibeian.gov.cn,9/20/2022,Agender
295,Benyamin,L'Episcopio,blepiscopio86@weibo.com,9/21/2022,Agender
296,Rufus,Andreassen,randreassen87@unblog.fr,9/22/2022,Female
297,Camila,Breach,cbreach88@latimes.com,9/23/2022,Polygender
298,Kipp,O'Neal,koneal89@cyberchimps.com,9/24/2022,Female
299,Amil,Tomalin,atomalin8a@wired.com,9/25/2022,Female
300,Devin,Wignall,dwignall8b@oracle.com,9/26/2022,Genderqueer
301,Worthy,Dollin,wdollin8c@qq.com,9/27/2022,Agender
302,Mersey,Chesterman,mchesterman8d@samsung.com,9/28/2022,Agender
303,Dorolice,Corradino,dcorradino8e@army.mil,9/29/2022,Agender
304,Amory,Havercroft,ahavercroft8f@zimbio.com,9/30/2022,Genderfluid
305,Garrek,Corroyer,gcorroyer8g@unc.edu,10/1/2022,Bigender
306,Lana,Olman,lolman8h@indiegogo.com,10/2/2022,Polygender
307,Jill,Berthod,jberthod8i@mail.ru,10/3/2022,Male
308,Guthry,Letterick,gletterick8j@webs.com,10/4/2022,Genderqueer
309,Viola,Sapson,vsapson8k@example.com,10/5/2022,Bigender
310,Adore,Battelle,abattelle8l@ibm.com,10/6/2022,Female
311,Berry,Orwell,borwell8m@answers.com,10/7/2022,Polygender
312,Eustacia,Gapper,egapper8n@github.com,10/8/2022,Genderfluid
313,Modestia,Mibourne,mmibourne8o@deliciousdays.com,10/9/2022,Polygender
314,Ripley,Torrent,rtorrent8p@a8.net,10/10/2022,Polygender
315,Adel,Caldaro,acaldaro8q@moonfruit.com,10/11/2022,Genderfluid
316,Debee,Belliard,dbelliard8r@xing.com,10/12/2022,Non-binary
317,Eugenio,Lamas,elamas8s@rambler.ru,10/13/2022,Male
318,Morgun,Middle,mmiddle8t@salon.com,10/14/2022,Genderqueer
319,Skip,McColley,smccolley8u@canalblog.com,10/15/2022,Polygender
320,Reena,Braddon,rbraddon8v@shutterfly.com,10/16/2022,Female
321,Brittaney,Panner,bpanner8w@nhs.uk,10/17/2022,Male
322,Courtnay,Appleton,cappleton8x@princeton.edu,10/18/2022,Polygender
323,Legra,Lowsely,llowsely8y@usgs.gov,10/19/2022,Female
324,Yale,Pattle,ypattle8z@forbes.com,10/20/2022,Female
325,Trey,Szymonowicz,tszymonowicz90@webs.com,10/21/2022,Polygender
326,Pennie,Dorkens,pdorkens91@yellowbook.com,10/22/2022,Male
327,Bonny,Purchase,bpurchase92@netscape.com,10/23/2022,Polygender
328,Deeyn,O'Duggan,doduggan93@nih.gov,10/24/2022,Non-binary
329,Gennie,Darlow,gdarlow94@cargocollective.com,10/25/2022,Genderqueer
330,Karoly,Wetherald,kwetherald95@qq.com,10/26/2022,Genderqueer
331,Mervin,Storres,mstorres96@jalbum.net,10/27/2022,Genderfluid
332,Sharline,Killcross,skillcross97@php.net,10/28/2022,Bigender
333,Eolanda,Fife,efife98@examiner.com,10/29/2022,Non-binary
334,Dehlia,Hartly,dhartly99@edublogs.org,10/30/2022,Non-binary
335,Cloe,Faier,cfaier9a@de.vu,10/31/2022,Female
336,Teodoor,Ivakhno,tivakhno9b@examiner.com,11/1/2022,Female
337,Charline,Overal,coveral9c@shareasale.com,11/2/2022,Bigender
338,Tommi,Chilley,tchilley9d@cnbc.com,11/3/2022,Female
339,Jo-anne,Mc Combe,jmccombe9e@163.com,11/4/2022,Genderqueer
340,Abraham,Neagle,aneagle9f@chron.com,11/5/2022,Genderfluid
341,Ossie,Ditch,oditch9g@pen.io,11/6/2022,Genderqueer
342,Rafi,Kach,rkach9h@dion.ne.jp,11/7/2022,Non-binary
343,Joni,Colnett,jcolnett9i@irs.gov,11/8/2022,Bigender
344,Guthrey,Teese,gteese9j@hatena.ne.jp,11/9/2022,Bigender
345,Millisent,Mossdale,mmossdale9k@bravesites.com,11/10/2022,Bigender
346,Mace,Burnyeat,mburnyeat9l@yellowpages.com,11/11/2022,Female
347,Joelynn,Cridlin,jcridlin9m@indiatimes.com,11/12/2022,Genderfluid
348,Alexis,Blodg,ablodg9n@slashdot.org,11/13/2022,Agender
349,Faustina,Poncet,fponcet9o@youku.com,11/14/2022,Male
350,Clyde,Silvers,csilvers9p@jugem.jp,11/15/2022,Agender
351,Donavon,Glave,dglave9q@behance.net,11/16/2022,Polygender
352,Nessa,Slimme,nslimme9r@narod.ru,11/17/2022,Polygender
353,Heywood,Kirkbride,hkirkbride9s@youku.com,11/18/2022,Genderfluid
354,Marcelo,Fussen,mfussen9t@buzzfeed.com,11/19/2022,Bigender
355,Noble,Chitty,nchitty9u@cpanel.net,11/20/2022,Male
356,Cynthea,Overy,covery9v@vk.com,11/21/2022,Non-binary
357,Laney,Allday,lallday9w@washington.edu,11/22/2022,Non-binary
358,Nance,Clucas,nclucas9x@cbsnews.com,11/23/2022,Agender
359,Annelise,Burdell,aburdell9y@google.com.hk,11/24/2022,Female
360,Adriena,Lanceter,alanceter9z@plala.or.jp,11/25/2022,Bigender
361,Cairistiona,Dufoure,cdufourea0@digg.com,11/26/2022,Non-binary
362,Doug,Falconer-Taylor,dfalconertaylora1@kickstarter.com,11/27/2022,Non-binary
363,Alick,Edgar,aedgara2@sogou.com,11/28/2022,Genderfluid
364,Connor,Sievewright,csievewrighta3@domainmarket.com,11/29/2022,Polygender
365,Dannel,Osgarby,dosgarbya4@blogtalkradio.com,11/30/2022,Agender
366,Benedict,Krugmann,bkrugmanna5@4shared.com,12/1/2022,Female
367,Ian,Titman,ititmana6@amazon.de,12/2/2022,Agender
368,Sammy,Gozzett,sgozzetta7@google.ru,12/3/2022,Male
369,Corry,Spellicy,cspellicya8@typepad.com,12/4/2022,Polygender
370,Jillayne,Proffitt,jproffitta9@google.fr,12/5/2022,Agender
371,Shanie,Lempertz,slempertzaa@wikia.com,12/6/2022,Genderqueer
372,Lynnet,Lewty,llewtyab@instagram.com,12/7/2022,Male
373,Verile,Maier,vmaierac@vistaprint.com,12/8/2022,Male
374,Lesley,Coath,lcoathad@google.ru,12/9/2022,Male
375,Nariko,Hexter,nhexterae@newsvine.com,12/10/2022,Genderfluid
376,Nolly,Kinkaid,nkinkaidaf@cnet.com,12/11/2022,Polygender
377,Cindra,Elkins,celkinsag@technorati.com,12/12/2022,Male
378,Luca,Chudleigh,lchudleighah@ezinearticles.com,12/13/2022,Female
379,Farrah,Fosbraey,ffosbraeyai@economist.com,12/14/2022,Bigender
380,Cordie,Nannizzi,cnannizziaj@i2i.jp,12/15/2022,Agender
381,Regan,Lyndon,rlyndonak@liveinternet.ru,12/16/2022,Polygender
382,Vivianna,Wickersham,vwickershamal@t.co,12/17/2022,Male
383,Waite,Andersen,wandersenam@rambler.ru,12/18/2022,Bigender
384,Dion,Vanelli,dvanellian@cyberchimps.com,12/19/2022,Agender
385,Beltran,Smithin,bsmithinao@europa.eu,12/20/2022,Non-binary
386,Ingaberg,Bleacher,ibleacherap@so-net.ne.jp,12/21/2022,Non-binary
387,Lock,Lapre,llapreaq@canalblog.com,12/22/2022,Bigender
388,Con,Officer,cofficerar@icio.us,12/23/2022,Agender
389,Heloise,Pirouet,hpirouetas@webs.com,12/24/2022,Non-binary
390,Tawnya,Reggio,treggioat@adobe.com,12/25/2022,Polygender
391,Farly,Moffet,fmoffetau@homestead.com,12/26/2022,Genderqueer
392,Olympie,Bazoge,obazogeav@psu.edu,12/27/2022,Genderfluid
393,Emile,Iglesia,eiglesiaaw@umich.edu,12/28/2022,Genderqueer
394,Reynold,Mc Caughan,rmccaughanax@opensource.org,12/29/2022,Female
395,Uriah,Falconer,ufalconeray@blogger.com,12/30/2022,Agender
396,Bonnee,Narramor,bnarramoraz@sciencedaily.com,12/31/2022,Male
397,Edouard,Clubley,eclubleyb0@bloglovin.com,1/1/2023,Agender
398,Eric,McConnulty,emcconnultyb1@mtv.com,1/2/2023,Agender
399,Hanna,Sidgwick,hsidgwickb2@drupal.org,1/3/2023,Male
400,Gennie,Glader,ggladerb3@harvard.edu,1/4/2023,Female
401,Lukas,Robjant,lrobjantb4@pagesperso-orange.fr,1/5/2023,Non-binary
402,Filmore,Farmar,ffarmarb5@spiegel.de,1/6/2023,Genderqueer
403,Marguerite,Reichert,mreichertb6@comcast.net,1/7/2023,Female
404,Trevor,Yeates,tyeatesb7@mlb.com,1/8/2023,Genderqueer
405,Hyacinthia,Reschke,hreschkeb8@ucla.edu,1/9/2023,Genderfluid
406,Aurora,Lanceley,alanceleyb9@buzzfeed.com,1/10/2023,Bigender
407,Drud,Djurdjevic,ddjurdjevicba@disqus.com,1/11/2023,Male
408,Steward,Pendreigh,spendreighbb@ox.ac.uk,1/12/2023,Male
409,Rooney,Laydon,rlaydonbc@yale.edu,1/13/2023,Female
410,Clarice,Livingstone,clivingstonebd@cdc.gov,1/14/2023,Non-binary
411,Marybeth,Tonsley,mtonsleybe@free.fr,1/15/2023,Male
412,Garrett,Ipplett,gipplettbf@e-recht24.de,1/16/2023,Genderfluid
413,Moises,Yakovlev,myakovlevbg@yahoo.com,1/17/2023,Agender
414,Artus,Simmen,asimmenbh@moonfruit.com,1/18/2023,Male
415,Jeanna,Bareham,jbarehambi@wikia.com,1/19/2023,Genderfluid
416,Oswell,Lamyman,olamymanbj@google.it,1/20/2023,Genderfluid
417,Isadora,Ksandra,iksandrabk@berkeley.edu,1/21/2023,Agender
418,Gusella,Whitten,gwhittenbl@msn.com,1/22/2023,Genderfluid
419,Michell,Trenam,mtrenambm@google.fr,1/23/2023,Agender
420,Peggi,Rivard,privardbn@wp.com,1/24/2023,Genderfluid
421,Gustie,Macken,gmackenbo@unc.edu,1/25/2023,Male
422,Gamaliel,Eads,geadsbp@youtube.com,1/26/2023,Non-binary
423,Hernando,Dunkerly,hdunkerlybq@npr.org,1/27/2023,Male
424,Natalya,Ivamy,nivamybr@yale.edu,1/28/2023,Polygender
425,Blanch,McGlynn,bmcglynnbs@de.vu,1/29/2023,Male
426,Orsa,Chelnam,ochelnambt@vimeo.com,1/30/2023,Genderfluid
427,Hilliard,Stiles,hstilesbu@ftc.gov,1/31/2023,Polygender
428,Alli,Wegman,awegmanbv@berkeley.edu,2/1/2023,Bigender
429,Archibold,McIndoe,amcindoebw@tiny.cc,2/2/2023,Bigender
430,Carlyn,Freeland,cfreelandbx@deviantart.com,2/3/2023,Non-binary
431,Giff,Delamere,gdelamereby@posterous.com,2/4/2023,Genderfluid
432,Finlay,Darracott,fdarracottbz@feedburner.com,2/5/2023,Genderqueer
433,Shadow,Neward,snewardc0@ftc.gov,2/6/2023,Genderfluid
434,Rupert,Last,rlastc1@lulu.com,2/7/2023,Agender
435,Marc,Lunk,mlunkc2@nydailynews.com,2/8/2023,Bigender
436,Viva,Shawdforth,vshawdforthc3@berkeley.edu,2/9/2023,Bigender
437,Terese,Murdy,tmurdyc4@go.com,2/10/2023,Agender
438,Ann-marie,Kulver,akulverc5@prnewswire.com,2/11/2023,Female
439,Wilhelmine,Domenc,wdomencc6@squidoo.com,2/12/2023,Polygender
440,Humberto,Bartoloma,hbartolomac7@bing.com,2/13/2023,Female
441,Hussein,Calderonello,hcalderonelloc8@goo.gl,2/14/2023,Agender
442,Sylvan,Begley,sbegleyc9@themeforest.net,2/15/2023,Non-binary
443,Madison,Need,mneedca@liveinternet.ru,2/16/2023,Agender
444,Olva,Everex,oeverexcb@cornell.edu,2/17/2023,Female
445,Kaylyn,Willers,kwillerscc@umich.edu,2/18/2023,Male
446,Kevina,Wondraschek,kwondraschekcd@dailymotion.com,2/19/2023,Female
447,Ram,Elizabeth,relizabethce@etsy.com,2/20/2023,Agender
448,Hedda,Cowtherd,hcowtherdcf@miibeian.gov.cn,2/21/2023,Female
449,Maritsa,Messer,mmessercg@liveinternet.ru,2/22/2023,Male
450,Viole,Upcraft,vupcraftch@wiley.com,2/23/2023,Genderqueer
451,Ertha,Heighway,eheighwayci@nytimes.com,2/24/2023,Agender
452,Letizia,Sills,lsillscj@ftc.gov,2/25/2023,Male
453,Taddeo,Beecroft,tbeecroftck@usgs.gov,2/26/2023,Female
454,Roosevelt,Douris,rdouriscl@tumblr.com,2/27/2023,Bigender
455,Patricia,Fishby,pfishbycm@usatoday.com,2/28/2023,Genderfluid
456,Hinze,Willgrass,hwillgrasscn@nifty.com,3/1/2023,Bigender
457,Peggy,Birkwood,pbirkwoodco@goo.gl,3/2/2023,Agender
458,Lauree,Espie,lespiecp@artisteer.com,3/3/2023,Female
459,Isac,Mishaw,imishawcq@mapy.cz,3/4/2023,Male
460,Ardisj,Kington,akingtoncr@plala.or.jp,3/5/2023,Agender
461,Johny,Murcott,jmurcottcs@bloomberg.com,3/6/2023,Agender
462,Emelia,Bodycote,ebodycotect@gov.uk,3/7/2023,Non-binary
463,Zolly,Kaes,zkaescu@marriott.com,3/8/2023,Agender
464,Biddy,Satterley,bsatterleycv@t.co,3/9/2023,Polygender
465,Donelle,Imlin,dimlincw@blinklist.com,3/10/2023,Non-binary
466,Gaspard,Bussons,gbussonscx@seattletimes.com,3/11/2023,Polygender
467,Marcy,Sellstrom,msellstromcy@smh.com.au,3/12/2023,Genderfluid
468,Pamella,Beggan,pbeggancz@state.gov,3/13/2023,Polygender
469,Merrielle,Bysouth,mbysouthd0@gravatar.com,3/14/2023,Bigender
470,Maudie,Barense,mbarensed1@woothemes.com,3/15/2023,Genderqueer
471,Karl,Satcher,ksatcherd2@usa.gov,3/16/2023,Female
472,Ron,Stanmer,rstanmerd3@auda.org.au,3/17/2023,Female
473,Donelle,Tompkin,dtompkind4@cisco.com,3/18/2023,Male
474,Pietrek,Kilduff,pkilduffd5@narod.ru,3/19/2023,Bigender
475,Davida,Rojahn,drojahnd6@bandcamp.com,3/20/2023,Male
476,Christan,Wooland,cwoolandd7@opera.com,3/21/2023,Non-binary
477,Hy,Strognell,hstrognelld8@youku.com,3/22/2023,Polygender
478,Corrine,Reasun,creasund9@mit.edu,3/23/2023,Polygender
479,Yoshi,McGibbon,ymcgibbonda@yellowbook.com,3/24/2023,Genderqueer
480,Drusi,Pettit,dpettitdb@unicef.org,3/25/2023,Male
481,Clari,Slack,cslackdc@skyrock.com,3/26/2023,Male
482,Jolynn,Keywood,jkeywooddd@cbc.ca,3/27/2023,Polygender
483,Nancy,Skamal,nskamalde@youtube.com,3/28/2023,Non-binary
484,Katy,Ketchen,kketchendf@comcast.net,3/29/2023,Genderfluid
485,Faber,Bennoe,fbennoedg@google.com.br,3/30/2023,Agender
486,Oran,Shiliton,oshilitondh@goodreads.com,3/31/2023,Polygender
487,Sheffield,Lyster,slysterdi@boston.com,4/1/2023,Genderfluid
488,Lyndsey,Gabbat,lgabbatdj@mediafire.com,4/2/2023,Bigender
489,Pietra,Banasiak,pbanasiakdk@tiny.cc,4/3/2023,Genderfluid
490,Emma,Bathurst,ebathurstdl@skype.com,4/4/2023,Genderfluid
491,Fair,Jopke,fjopkedm@artisteer.com,4/5/2023,Genderqueer
492,Angy,Doull,adoulldn@cbsnews.com,4/6/2023,Polygender
493,Gerianne,Woodham,gwoodhamdo@mysql.com,4/7/2023,Bigender
494,Rustin,Goskar,rgoskardp@icio.us,4/8/2023,Genderfluid
495,Parry,Doorly,pdoorlydq@xing.com,4/9/2023,Male
496,Aggie,Naisey,anaiseydr@mozilla.org,4/10/2023,Non-binary
497,Wes,Ramalho,wramalhods@webnode.com,4/11/2023,Non-binary
498,Barry,Naish,bnaishdt@comcast.net,4/12/2023,Male
499,Silva,Dulinty,sdulintydu@cdbaby.com,4/13/2023,Genderfluid
500,Xylia,Greatbatch,xgreatbatchdv@theglobeandmail.com,4/14/2023,Genderqueer
